object_type,object_id,action,attributes
TrainingPeriod,,create,"started_on,01/09/2023,finished_on,10/01/2024,mentor_at_school_period_id,18958,expression_of_interest_id,13,training_programme,provider_led,schedule_id,54"
TrainingPeriod,,create,"started_on,01/09/2023,finished_on,23/01/2024,mentor_at_school_period_id,1107,expression_of_interest_id,13,training_programme,provider_led,schedule_id,54"
TrainingPeriod,,create,"started_on,03/10/2023,finished_on,31/12/2023,mentor_at_school_period_id,114614,expression_of_interest_id,13,training_programme,provider_led,schedule_id,54"
TrainingPeriod,,create,"started_on,04/10/2023,finished_on,27/07/2024,mentor_at_school_period_id,34782,expression_of_interest_id,13,training_programme,provider_led,schedule_id,54"
TrainingPeriod,,create,"started_on,10/10/2024,finished_on,mentor_at_school_period_id,24084,expression_of_interest_id,13,training_programme,provider_led,schedule_id,54"
TrainingPeriod,,create,"started_on,01/06/2025,finished_on,mentor_at_school_period_id,24419,expression_of_interest_id,13,training_programme,provider_led,schedule_id,54"
TrainingPeriod,,create,"started_on,01/06/2024,finished_on,18/09/2025,mentor_at_school_period_id,30567,expression_of_interest_id,14,training_programme,provider_led,schedule_id,54"
TrainingPeriod,,create,"started_on,11/09/2025,finished_on,mentor_at_school_period_id,36103,expression_of_interest_id,14,training_programme,provider_led,schedule_id,54"
TrainingPeriod,,create,"started_on,12/02/2026,finished_on,mentor_at_school_period_id,108933,expression_of_interest_id,14,training_programme,provider_led,schedule_id,54"
TrainingPeriod,,create,"started_on,01/09/2023,finished_on,20/07/2024,mentor_at_school_period_id,16079,expression_of_interest_id,15,training_programme,provider_led,schedule_id,54"
TrainingPeriod,,create,"started_on,01/09/2023,finished_on,23/07/2024,mentor_at_school_period_id,18081,expression_of_interest_id,15,training_programme,provider_led,schedule_id,54"
TrainingPeriod,,create,"started_on,01/09/2023,finished_on,26/07/2024,mentor_at_school_period_id,34189,expression_of_interest_id,15,training_programme,provider_led,schedule_id,54"
TrainingPeriod,,create,"started_on,06/09/2023,finished_on,11/01/2025,mentor_at_school_period_id,81399,expression_of_interest_id,15,training_programme,provider_led,schedule_id,54"
TrainingPeriod,,create,"started_on,21/09/2023,finished_on,02/04/2024,mentor_at_school_period_id,8973,expression_of_interest_id,15,training_programme,provider_led,schedule_id,54"
TrainingPeriod,,create,"started_on,09/10/2023,finished_on,21/12/2024,mentor_at_school_period_id,77917,expression_of_interest_id,15,training_programme,provider_led,schedule_id,54"
TrainingPeriod,,create,"started_on,03/11/2023,finished_on,05/11/2024,mentor_at_school_period_id,29681,expression_of_interest_id,15,training_programme,provider_led,schedule_id,54"
TrainingPeriod,,create,"started_on,05/11/2023,finished_on,25/04/2025,mentor_at_school_period_id,69465,expression_of_interest_id,15,training_programme,provider_led,schedule_id,54"
TrainingPeriod,,create,"started_on,28/11/2023,finished_on,27/07/2024,mentor_at_school_period_id,51178,expression_of_interest_id,15,training_programme,provider_led,schedule_id,54"
TrainingPeriod,,create,"started_on,07/12/2023,finished_on,27/07/2024,mentor_at_school_period_id,119388,expression_of_interest_id,15,training_programme,provider_led,schedule_id,54"
TrainingPeriod,,create,"started_on,12/01/2024,finished_on,31/07/2025,mentor_at_school_period_id,400,expression_of_interest_id,15,training_programme,provider_led,schedule_id,54"
TrainingPeriod,,create,"started_on,05/03/2024,finished_on,25/06/2025,mentor_at_school_period_id,86494,expression_of_interest_id,15,training_programme,provider_led,schedule_id,54"
TrainingPeriod,,create,"started_on,10/03/2024,finished_on,31/07/2024,mentor_at_school_period_id,56173,expression_of_interest_id,15,training_programme,provider_led,schedule_id,54"
TrainingPeriod,,create,"started_on,19/03/2024,finished_on,31/07/2024,mentor_at_school_period_id,12417,expression_of_interest_id,15,training_programme,provider_led,schedule_id,54"
TrainingPeriod,,create,"started_on,18/09/2024,finished_on,31/07/2025,mentor_at_school_period_id,50794,expression_of_interest_id,15,training_programme,provider_led,schedule_id,54"
TrainingPeriod,,create,"started_on,01/10/2025,finished_on,mentor_at_school_period_id,90539,expression_of_interest_id,15,training_programme,provider_led,schedule_id,54"
TrainingPeriod,,create,"started_on,21/09/2023,finished_on,26/07/2024,mentor_at_school_period_id,100086,expression_of_interest_id,16,training_programme,provider_led,schedule_id,54"
TrainingPeriod,,create,"started_on,31/10/2023,finished_on,31/07/2025,mentor_at_school_period_id,25783,expression_of_interest_id,16,training_programme,provider_led,schedule_id,54"
TrainingPeriod,,create,"started_on,20/12/2023,finished_on,31/07/2024,mentor_at_school_period_id,3303,expression_of_interest_id,16,training_programme,provider_led,schedule_id,54"
TrainingPeriod,,create,"started_on,01/06/2025,finished_on,03/01/2026,mentor_at_school_period_id,30363,expression_of_interest_id,16,training_programme,provider_led,schedule_id,54"
TrainingPeriod,,create,"started_on,01/06/2025,finished_on,mentor_at_school_period_id,84669,expression_of_interest_id,16,training_programme,provider_led,schedule_id,54"
TrainingPeriod,,create,"started_on,01/09/2023,finished_on,21/02/2025,mentor_at_school_period_id,105004,expression_of_interest_id,17,training_programme,provider_led,schedule_id,54"
TrainingPeriod,,create,"started_on,06/09/2023,finished_on,18/01/2024,mentor_at_school_period_id,103089,expression_of_interest_id,17,training_programme,provider_led,schedule_id,54"
TrainingPeriod,,create,"started_on,06/09/2023,finished_on,19/04/2024,mentor_at_school_period_id,68243,expression_of_interest_id,17,training_programme,provider_led,schedule_id,54"
TrainingPeriod,,create,"started_on,20/09/2023,finished_on,31/07/2024,mentor_at_school_period_id,82476,expression_of_interest_id,17,training_programme,provider_led,schedule_id,54"
TrainingPeriod,,create,"started_on,27/09/2023,finished_on,21/12/2024,mentor_at_school_period_id,38123,expression_of_interest_id,17,training_programme,provider_led,schedule_id,54"
TrainingPeriod,,create,"started_on,19/10/2023,finished_on,31/08/2024,mentor_at_school_period_id,101420,expression_of_interest_id,17,training_programme,provider_led,schedule_id,54"
TrainingPeriod,,create,"started_on,01/01/2024,finished_on,04/01/2024,mentor_at_school_period_id,88335,expression_of_interest_id,17,training_programme,provider_led,schedule_id,54"
TrainingPeriod,,create,"started_on,01/01/2024,finished_on,14/09/2024,mentor_at_school_period_id,92217,expression_of_interest_id,17,training_programme,provider_led,schedule_id,54"
TrainingPeriod,,create,"started_on,12/01/2024,finished_on,23/08/2024,mentor_at_school_period_id,24234,expression_of_interest_id,17,training_programme,provider_led,schedule_id,54"
TrainingPeriod,,create,"started_on,06/02/2024,finished_on,31/07/2025,mentor_at_school_period_id,93679,expression_of_interest_id,17,training_programme,provider_led,schedule_id,54"
TrainingPeriod,,create,"started_on,01/06/2025,finished_on,mentor_at_school_period_id,71376,expression_of_interest_id,19,training_programme,provider_led,schedule_id,40"
TrainingPeriod,,create,"started_on,01/06/2025,finished_on,mentor_at_school_period_id,25004,expression_of_interest_id,20,training_programme,provider_led,schedule_id,40"
TrainingPeriod,,create,"started_on,01/09/2024,finished_on,26/07/2025,mentor_at_school_period_id,56395,expression_of_interest_id,21,training_programme,provider_led,schedule_id,40"
TrainingPeriod,,create,"started_on,01/09/2024,finished_on,19/08/2025,mentor_at_school_period_id,9690,expression_of_interest_id,21,training_programme,provider_led,schedule_id,40"
TrainingPeriod,,create,"started_on,03/09/2024,finished_on,29/07/2025,mentor_at_school_period_id,92960,expression_of_interest_id,21,training_programme,provider_led,schedule_id,40"
TrainingPeriod,,create,"started_on,15/10/2024,finished_on,01/02/2025,mentor_at_school_period_id,113359,expression_of_interest_id,21,training_programme,provider_led,schedule_id,40"
TrainingPeriod,,create,"started_on,26/11/2024,finished_on,07/01/2026,mentor_at_school_period_id,19483,expression_of_interest_id,21,training_programme,provider_led,schedule_id,40"
TrainingPeriod,,create,"started_on,11/04/2025,finished_on,06/02/2026,mentor_at_school_period_id,104269,expression_of_interest_id,21,training_programme,provider_led,schedule_id,40"
TrainingPeriod,,create,"started_on,12/06/2025,finished_on,08/12/2025,mentor_at_school_period_id,28177,expression_of_interest_id,21,training_programme,provider_led,schedule_id,40"
TrainingPeriod,,create,"started_on,25/01/2024,finished_on,12/04/2024,mentor_at_school_period_id,7784,expression_of_interest_id,22,training_programme,provider_led,schedule_id,20"
TrainingPeriod,,create,"started_on,01/09/2024,finished_on,02/08/2025,mentor_at_school_period_id,109861,expression_of_interest_id,22,training_programme,provider_led,schedule_id,40"
TrainingPeriod,,create,"started_on,18/09/2024,finished_on,23/07/2025,mentor_at_school_period_id,120536,expression_of_interest_id,22,training_programme,provider_led,schedule_id,40"
TrainingPeriod,,create,"started_on,04/11/2024,finished_on,01/03/2026,mentor_at_school_period_id,76627,expression_of_interest_id,22,training_programme,provider_led,schedule_id,40"
TrainingPeriod,,create,"started_on,29/11/2024,finished_on,16/12/2024,mentor_at_school_period_id,40840,expression_of_interest_id,22,training_programme,provider_led,schedule_id,40"
TrainingPeriod,,create,"started_on,10/09/2024,finished_on,04/01/2026,mentor_at_school_period_id,87430,expression_of_interest_id,23,training_programme,provider_led,schedule_id,40"
TrainingPeriod,,create,"started_on,13/09/2024,finished_on,12/08/2025,mentor_at_school_period_id,80847,expression_of_interest_id,23,training_programme,provider_led,schedule_id,40"
TrainingPeriod,,create,"started_on,16/09/2024,finished_on,07/01/2025,mentor_at_school_period_id,86987,expression_of_interest_id,23,training_programme,provider_led,schedule_id,40"
TrainingPeriod,,create,"started_on,23/09/2024,finished_on,10/09/2025,mentor_at_school_period_id,77439,expression_of_interest_id,23,training_programme,provider_led,schedule_id,40"
TrainingPeriod,,create,"started_on,14/10/2024,finished_on,17/10/2025,mentor_at_school_period_id,20006,expression_of_interest_id,23,training_programme,provider_led,schedule_id,20"
TrainingPeriod,,create,"started_on,05/11/2024,finished_on,26/07/2025,mentor_at_school_period_id,54234,expression_of_interest_id,23,training_programme,provider_led,schedule_id,40"
TrainingPeriod,,create,"started_on,22/04/2025,finished_on,26/09/2025,mentor_at_school_period_id,27389,expression_of_interest_id,23,training_programme,provider_led,schedule_id,40"
TrainingPeriod,,create,"started_on,01/05/2025,finished_on,31/07/2025,mentor_at_school_period_id,37976,expression_of_interest_id,23,training_programme,provider_led,schedule_id,40"
TrainingPeriod,,create,"started_on,01/06/2025,finished_on,mentor_at_school_period_id,43915,expression_of_interest_id,23,training_programme,provider_led,schedule_id,40"
TrainingPeriod,,create,"started_on,01/01/2024,finished_on,08/01/2026,mentor_at_school_period_id,36032,expression_of_interest_id,24,training_programme,provider_led,schedule_id,20"
TrainingPeriod,,create,"started_on,01/09/2025,finished_on,mentor_at_school_period_id,11127,expression_of_interest_id,25,training_programme,provider_led,schedule_id,13"
TrainingPeriod,,create,"started_on,01/09/2025,finished_on,mentor_at_school_period_id,63338,expression_of_interest_id,25,training_programme,provider_led,schedule_id,13"
TrainingPeriod,,create,"started_on,01/09/2025,finished_on,mentor_at_school_period_id,71997,expression_of_interest_id,25,training_programme,provider_led,schedule_id,13"
TrainingPeriod,,create,"started_on,03/09/2025,finished_on,21/12/2025,mentor_at_school_period_id,98266,expression_of_interest_id,25,training_programme,provider_led,schedule_id,13"
TrainingPeriod,,create,"started_on,15/10/2025,finished_on,mentor_at_school_period_id,45569,expression_of_interest_id,25,training_programme,provider_led,schedule_id,13"
TrainingPeriod,,create,"started_on,10/11/2025,finished_on,mentor_at_school_period_id,50742,expression_of_interest_id,25,training_programme,provider_led,schedule_id,13"
TrainingPeriod,,create,"started_on,01/09/2025,finished_on,mentor_at_school_period_id,3596,expression_of_interest_id,27,training_programme,provider_led,schedule_id,13"
TrainingPeriod,,create,"started_on,17/09/2025,finished_on,mentor_at_school_period_id,7912,expression_of_interest_id,27,training_programme,provider_led,schedule_id,13"
TrainingPeriod,,create,"started_on,18/09/2025,finished_on,mentor_at_school_period_id,86,expression_of_interest_id,27,training_programme,provider_led,schedule_id,13"
TrainingPeriod,,create,"started_on,24/09/2025,finished_on,mentor_at_school_period_id,39115,expression_of_interest_id,27,training_programme,provider_led,schedule_id,13"
TrainingPeriod,,create,"started_on,07/10/2025,finished_on,mentor_at_school_period_id,79250,expression_of_interest_id,27,training_programme,provider_led,schedule_id,13"
TrainingPeriod,,create,"started_on,10/10/2025,finished_on,31/12/2025,mentor_at_school_period_id,118584,expression_of_interest_id,27,training_programme,provider_led,schedule_id,13"
TrainingPeriod,,create,"started_on,01/09/2025,finished_on,mentor_at_school_period_id,5661,expression_of_interest_id,28,training_programme,provider_led,schedule_id,13"
TrainingPeriod,,create,"started_on,29/09/2025,finished_on,mentor_at_school_period_id,58008,expression_of_interest_id,28,training_programme,provider_led,schedule_id,13"
TrainingPeriod,,create,"started_on,15/07/2025,finished_on,mentor_at_school_period_id,86540,expression_of_interest_id,29,training_programme,provider_led,schedule_id,13"
TrainingPeriod,,create,"started_on,01/09/2025,finished_on,08/01/2026,mentor_at_school_period_id,89502,expression_of_interest_id,29,training_programme,provider_led,schedule_id,13"
TrainingPeriod,,create,"started_on,01/09/2025,finished_on,mentor_at_school_period_id,46975,expression_of_interest_id,29,training_programme,provider_led,schedule_id,13"
TrainingPeriod,,create,"started_on,01/09/2025,finished_on,mentor_at_school_period_id,107519,expression_of_interest_id,29,training_programme,provider_led,schedule_id,13"
TrainingPeriod,,create,"started_on,03/09/2025,finished_on,mentor_at_school_period_id,85132,expression_of_interest_id,29,training_programme,provider_led,schedule_id,13"
TrainingPeriod,,create,"started_on,04/09/2025,finished_on,mentor_at_school_period_id,62503,expression_of_interest_id,29,training_programme,provider_led,schedule_id,13"
TrainingPeriod,,create,"started_on,14/09/2025,finished_on,mentor_at_school_period_id,81751,expression_of_interest_id,29,training_programme,provider_led,schedule_id,13"
TrainingPeriod,,create,"started_on,24/09/2025,finished_on,mentor_at_school_period_id,18792,expression_of_interest_id,29,training_programme,provider_led,schedule_id,13"
TrainingPeriod,,create,"started_on,24/09/2025,finished_on,mentor_at_school_period_id,26353,expression_of_interest_id,29,training_programme,provider_led,schedule_id,13"
TrainingPeriod,,create,"started_on,01/10/2025,finished_on,mentor_at_school_period_id,72937,expression_of_interest_id,29,training_programme,provider_led,schedule_id,13"
TrainingPeriod,,create,"started_on,02/10/2025,finished_on,03/01/2026,mentor_at_school_period_id,116933,expression_of_interest_id,29,training_programme,provider_led,schedule_id,13"
TrainingPeriod,,create,"started_on,14/10/2025,finished_on,mentor_at_school_period_id,90695,expression_of_interest_id,29,training_programme,provider_led,schedule_id,13"
TrainingPeriod,,create,"started_on,08/12/2025,finished_on,mentor_at_school_period_id,1077,expression_of_interest_id,29,training_programme,provider_led,schedule_id,13"
TrainingPeriod,,create,"started_on,12/12/2025,finished_on,mentor_at_school_period_id,47108,expression_of_interest_id,29,training_programme,provider_led,schedule_id,13"
TrainingPeriod,,create,"started_on,15/12/2025,finished_on,mentor_at_school_period_id,78671,expression_of_interest_id,29,training_programme,provider_led,schedule_id,13"
TrainingPeriod,,create,"started_on,05/01/2026,finished_on,mentor_at_school_period_id,31523,expression_of_interest_id,29,training_programme,provider_led,schedule_id,13"
TrainingPeriod,,create,"started_on,14/01/2026,finished_on,mentor_at_school_period_id,48007,expression_of_interest_id,29,training_programme,provider_led,schedule_id,13"
TrainingPeriod,,create,"started_on,20/01/2026,finished_on,mentor_at_school_period_id,117557,expression_of_interest_id,29,training_programme,provider_led,schedule_id,13"
TrainingPeriod,,create,"started_on,25/02/2026,finished_on,mentor_at_school_period_id,101945,expression_of_interest_id,29,training_programme,provider_led,schedule_id,13"
TrainingPeriod,,create,"started_on,17/04/2026,finished_on,mentor_at_school_period_id,67714,expression_of_interest_id,29,training_programme,provider_led,schedule_id,13"
TrainingPeriod,,create,"started_on,21/04/2026,finished_on,mentor_at_school_period_id,103333,expression_of_interest_id,29,training_programme,provider_led,schedule_id,13"
TrainingPeriod,,create,"started_on,06/09/2023,finished_on,24/07/2024,mentor_at_school_period_id,101225,expression_of_interest_id,16,training_programme,provider_led,schedule_id,54"
TrainingPeriod,,create,"started_on,01/12/2023,finished_on,27/07/2024,mentor_at_school_period_id,104651,expression_of_interest_id,18,training_programme,provider_led,schedule_id,54"
TrainingPeriod,,create,"started_on,01/06/2025,finished_on,mentor_at_school_period_id,25176,expression_of_interest_id,26,training_programme,provider_led,schedule_id,13"
TrainingPeriod,,create,"started_on,26/08/2025,finished_on,mentor_at_school_period_id,37189,expression_of_interest_id,26,training_programme,provider_led,schedule_id,13"
TrainingPeriod,,create,"started_on,01/09/2025,finished_on,mentor_at_school_period_id,2551,expression_of_interest_id,25,training_programme,provider_led,schedule_id,13"
TrainingPeriod,,create,"started_on,01/09/2025,finished_on,mentor_at_school_period_id,6091,expression_of_interest_id,26,training_programme,provider_led,schedule_id,13"
TrainingPeriod,,create,"started_on,01/09/2025,finished_on,mentor_at_school_period_id,52658,expression_of_interest_id,27,training_programme,provider_led,schedule_id,13"
TrainingPeriod,,create,"started_on,01/09/2025,finished_on,mentor_at_school_period_id,55848,expression_of_interest_id,27,training_programme,provider_led,schedule_id,13"
TrainingPeriod,,create,"started_on,01/09/2025,finished_on,mentor_at_school_period_id,98337,expression_of_interest_id,25,training_programme,provider_led,schedule_id,13"
TrainingPeriod,,create,"started_on,01/09/2025,finished_on,mentor_at_school_period_id,98387,expression_of_interest_id,27,training_programme,provider_led,schedule_id,13"
TrainingPeriod,,create,"started_on,01/09/2025,finished_on,mentor_at_school_period_id,112760,expression_of_interest_id,28,training_programme,provider_led,schedule_id,13"
TrainingPeriod,,create,"started_on,22/09/2025,finished_on,mentor_at_school_period_id,111425,expression_of_interest_id,26,training_programme,provider_led,schedule_id,13"
TrainingPeriod,,create,"started_on,03/11/2025,finished_on,mentor_at_school_period_id,53453,expression_of_interest_id,27,training_programme,provider_led,schedule_id,13"
TrainingPeriod,,create,"started_on,10/11/2025,finished_on,mentor_at_school_period_id,57035,expression_of_interest_id,25,training_programme,provider_led,schedule_id,13"
TrainingPeriod,,create,"started_on,11/11/2025,finished_on,mentor_at_school_period_id,76815,expression_of_interest_id,29,training_programme,provider_led,schedule_id,13"
TrainingPeriod,,create,"started_on,18/03/2026,finished_on,mentor_at_school_period_id,61287,expression_of_interest_id,25,training_programme,provider_led,schedule_id,13"
